Author,Title,Year,Type of publication,Type of publication venue,Study design,Methodology,Learning_context,Region,Age,L1,L2,Educational_level,L2_proficiency,L2_proficiency_justification,L2_learning_experience,Sampling,VR_setting,HMD_type,VR_content_type,VR_software,VR_learning_activities,VR_treatment_length_total_min,Number_of_VR_sessions,Length_of_each_VR_session_min,VR_treatment_provider,Control_treatment,Linguistic_outcome,Socio-emotional outcome,VR_Mean_Pre,VR_SD_Pre,VR_Mean_Post,VR_SD_Post,VR_N,C_Mean_Pre,C_SD_Pre,C_Mean_Post,C_SD_Post,C_N,Hedge's_ g (combined),Variance,ES_reported,ES_type,ES_value
Chen,Effects of technology-enhanced language learning on reducing EFL learners’ public speaking anxiety,2022,Journal,Computer Assisted Language Learning,Between-group,Mixed,Foreign language,Taiwan,Not reported/Range,Not reported,English,University,Mixed,Self-reported,Not reported,Random,Classroom,Not reported,Computer-generated,VR adapted for LL,Self-directed,150,3,Not reported,Teacher,Traditional,Mixed,Anxiety,114.18,14.8,99.45,18.83,11,102.45,27.14,99.73,30.1,11,,,1,3,0
Chen & Liao,Effects of Panoramic Image Virtual Reality on the Workplace English Learning Performance of Vocational High School Students,2022,Journal,Journal of Educational Computing Research,Between-group,Quantitative,Foreign language,Taiwan,Not reported/Range,Not reported,English,High school,Mixed,Other,Not reported,Not reported,Classroom,Smartphone-based,360° images and computer-generated,VR adapted for LL,Cooperative,150,Not reported,Not reported,Teacher,Multimedia,Mixed,Satisfaction,NA,NA,4.75,0.455,53,NA,NA,3.35,0.405,53,,,0,NA,NA
Chen & Liao ,Effects of Panoramic Image Virtual Reality on the Workplace English Learning Performance of Vocational High School Students,2022,Journal,Journal of Educational Computing Research,Between-group,Quantitative,Foreign language,Taiwan,Not reported/Range,Not reported,English,High school,Mixed,Other,Not reported,Not reported,Classroom,Smartphone-based,360° images and computer-generated,VR adapted for LL,Cooperative,150,Not reported,Not reported,Teacher,Multimedia,Mixed,Motivation,3.01,8.43,3.41,6.03,53,2.89,6.72,3.33,4.91,53,,,0,NA,NA
Chen et al. ,"Virtual reality in problem-based learning contexts: Effects on the problem-solving performance, vocabulary acquisition and motivation of English language learners",2021,Journal,Journal of Computer Assisted Learning,Between-group,Mixed,Foreign language,Taiwan,Not reported/Range,Not reported,English,University,Intermediate,Standardized,Not reported,Not reported,Classroom,Smartphone-based,360° videos and computer-generated ,VR adapted for LL,Teacher-centered,Not reported,Not reported,Not reported,Teacher,Traditional,Vocabulary,Attitude,NA,NA,4.44,0.85,42,NA,NA,3.98,0.99,42,,,1,3,0.06
Chen et al. ,"Virtual reality in problem-based learning contexts: Effects on the problem-solving performance, vocabulary acquisition and motivation of English language learners",2021,Journal,Journal of Computer Assisted Learning,Between-group,Mixed,Foreign language,Taiwan,Not reported/Range,Not reported,English,University,Intermediate,Standardized,Not reported,Not reported,Classroom,Smartphone-based,360° videos and computer-generated ,VR adapted for LL,Teacher-centered,Not reported,Not reported,Not reported,Teacher,Traditional,Vocabulary,Anxiety,NA,NA,4.29,0.79,42,NA,NA,4.13,0.94,42,,,1,3,0.07
Chen et al. ,"Virtual reality in problem-based learning contexts: Effects on the problem-solving performance, vocabulary acquisition and motivation of English language learners",2021,Journal,Journal of Computer Assisted Learning,Between-group,Mixed,Foreign language,Taiwan,Not reported/Range,Not reported,English,University,Intermediate,Standardized,Not reported,Not reported,Classroom,Smartphone-based,360° videos and computer-generated ,VR adapted for LL,Teacher-centered,Not reported,Not reported,Not reported,Teacher,Traditional,Vocabulary,Motivation,,,,,42,,,,,42,0.39425,0.017211766,,,
Ding ,"The impact of high-immersion virtual reality on
EFL learners’ foreign language speaking anxiety:
A mixed-method approach",2024,Journal,ReCALL,Between-group,Mixed,Foreign language,China,Not reported/Range,Not reported,English,University,Mixed,Self-reported,Not reported,Not reported,Classroom,Standalone,Computer-generated,Custom-made VR,Cooperative,337.5,9,37.5,Researcher,Traditional,Mixed,Anxiety,89.34,14.51,89.91,15.79,35,89.46,15.32,89.2,19.89,35,,,0,NA,NA
Ding ,"The impact of high-immersion virtual reality on
EFL learners’ foreign language speaking anxiety:
A mixed-method approach",2024,Journal,ReCALL,Between-group,Mixed,Foreign language,China,Not reported/Range,Not reported,English,University,Mixed,Self-reported,Not reported,Not reported,Classroom,Standalone,Computer-generated,Custom-made VR,Cooperative,337.5,9,37.5,Researcher,Traditional,Mixed,Anxiety,89.34,15.39,90.57,18.06,35,89.74,14.15,90.94,15.09,35,,,0,NA,NA
Huang et al. ,Learning to be a writer: A spherical video-based virtual reality approach to supporting descriptive article writing in high school Chinese courses,2020,Journal,British Journal of Educational Technology,Between-group,Mixed,Foreign language,Taiwan,17,Not reported,English,High school,Not reported,Not reported,Not reported,Not reported,Not reported,Smartphone-based,360° images and computer-generated ,VR adapted for LL,Self-directed,Not reported,2,Not reported,Teacher,Multimedia,Writing,Self-efficacy,NA,NA,3.73,0.66,30,NA,NA,3.06,0.71,35,,,1,3,0.15
"Hung, Chen et al. ",Virtual reality is not always a cure-all: evidences from a quasiexperiment of EFL business speaking courses,2023,Journal,Interactive Learning Environments,Between-group,Mixed,Foreign language,Taiwan,19.5,Chinese,English,University,Not reported,Not reported,Not reported,Not reported,Classroom,Smartphone-based,360° images and computer-generated ,Custom-made VR,Self-directed,Not reported,2,Not reported,Researcher,Multimedia,Speaking,Anxiety,NA,NA,3.09,0.73,25,NA,NA,3.02,0.83,15,,,0,NA,NA
"Hung, Chen et al. ",Virtual reality is not always a cure-all: evidences from a quasiexperiment of EFL business speaking courses,2023,Journal,Interactive Learning Environments,Between-group,Mixed,Foreign language,Taiwan,19.5,Chinese,English,University,Not reported,Not reported,Not reported,Not reported,Classroom,Smartphone-based,360° images and computer-generated ,Custom-made VR,Self-directed,Not reported,2,Not reported,Researcher,Multimedia,Speaking,Affect,NA,NA,,,25,NA,NA,,,15,-0.227,0.030385,,,
"Hung, Lin et al.",Effects of AR- and VR-based wearables in teaching English: The application of an ARCS model-based learning design to improve elementary school students' learning motivation,2023,Journal,Journal of Computer Assisted Learning,Between-group,Mixed,Foreign language,Taiwan,10.78,Not reported,English,Elementary school,Not reported,Not reported,Not reported,Convenience,Classroom,Not reported,360° images and computer-generated,VR adapted for LL,Self-directed,40,1,40,Not reported,Traditional,Vocabulary,Motivation,,,,,35,,,,,39,-0.07125,0.023233205,,,
Johnson et al.,Assessing the impact of game modalities in second language acquisition: ELLE the EndLess Learner,2020,Journal,Journal of Universal Computer Science,Between-group,Quantitative,Foreign language,USA,Not reported/Range,Not reported,Portuguese,University,Not reported,Not reported,Not reported,Not reported,Not reported,PC-powered,Computer-generated,Custom-made VR,Self-directed,20,1,20,Not reported,Multimedia,Vocabulary,Sense of presence,NA,NA,3.72,0.47,19,NA,NA,3.368,0.851,18,,,0,NA,NA
Johnson et al.,Assessing the impact of game modalities in second language acquisition: ELLE the EndLess Learner,2020,Journal,Journal of Universal Computer Science,Between-group,Quantitative,Foreign language,USA,Not reported/Range,Not reported,Portuguese,University,Not reported,Not reported,Not reported,Not reported,Not reported,PC-powered,Computer-generated,Custom-made VR,Self-directed,20,1,20,Not reported,Multimedia,Vocabulary,Enjoyment,NA,NA,4.15,0.66,19,NA,NA,3.625,1.118,18,,,0,NA,NA
Kaplan-Rakowski & Gruber ,"An experimental study on reading in
high-immersion virtual reality",2023,Journal,The British Journal of Educational Technology,Between-group,Quantitative,Foreign language,Germany,23,Not reported,English,University,Intermediate,Mixed,Not reported,Convenience,Not reported,Standalone,Computer-generated,VR adapted for LL,Self-directed,20,1,20,Researcher,Multimedia,Reading,Motivation,NA,NA,4.5,0.59,35,NA,NA,3.12,0.79,44,,,1,1,1.94
Kaplan-Rakowski & Gruber ,"An experimental study on reading in
high-immersion virtual reality",2023,Journal,The British Journal of Educational Technology,Between-group,Quantitative,Foreign language,Germany,23,Not reported,English,University,Intermediate,Mixed,Not reported,Convenience,Not reported,Standalone,Computer-generated,VR adapted for LL,Self-directed,20,1,20,Researcher,Multimedia,Reading,Sense of presence,NA,NA,3.39,0.77,35,NA,NA,2.2,0.59,44,,,1,1,1.76
Kaplan-Rakowski & Gruber ,The impact of high‑immersion virtual reality on foreign language anxiety,2023,Journal,Smart Learning Environments,Between-group,Quantitative,Foreign language,Germany,21.12,"German, French, Korean",English,University,Intermediate,Not reported,10 years on average,Random,Lab,Standalone,Computer-generated,Custom-made VR,Self-directed,16,4,4,Researcher,Multimedia,Not reported,Anxiety,NA,NA,-1.89,7.23,12,NA,NA,-0.08,5.14,8,,,0,NA,NA
Li et al.  ,An Experiential Learning-Based Virtual Reality Approach to Foster Students’ Vocabulary Acquisition and Learning Engagement in English for Geography,2022,Journal,Sustainability,Between-group,Quantitative,Foreign language,China,Not reported/Range,Chinese,English,University,Not reported,Not reported,Not reported,Not reported,Not reported,PC-powered,Computer-generated,VR adapted for LL,Cooperative,60,1,60,Teacher,Multimedia,Mixed,Engagement,,,,,18,,,,,18,0.562,0.052,,,
Nicolaidou et al.,Comparing immersive Virtual Reality to mobile applications in foreign language learning in higher education: a quasi-experiment,2023,Journal,Interactive Learning Environments,Between-group,Quantitative,Foreign language,Not reported,19.6,Greek,Italian,University,Beginner,Mixed,One semester or less,Convenience,Not reported,PC-powered,Computer-generated,Off-the-shelf VR,Self-directed,20,1,20,Not reported,Multimedia,Vocabulary,Engagement,NA,NA,5.96,0.79,20,NA,NA,6.32,0.49,20,,,0,NA,NA
Nicolaidou et al. ,Comparing immersive Virtual Reality to mobile applications in foreign language learning in higher education: a quasi-experiment,2023,Journal,Interactive Learning Environments,Between-group,Quantitative,Foreign language,Not reported,19.6,Greek,Italian,University,Beginner,Mixed,One semester or less,Convenience,Not reported,PC-powered,Computer-generated,Off-the-shelf VR,Self-directed,20,1,20,Not reported,Multimedia,Vocabulary,Sense of presence,NA,NA,4.88,1.13,20,NA,NA,4.64,1.05,20,,,0,NA,NA
Papin & Kaplan-Rakowski,A study of vocabulary learning using annotated 360° pictures,2024,Journal,Computer Assisted Language Learning,Between-group,Quantitative,Second language,Canada,19.7,"Chinese, English, Others",French,University,Not reported,Other,At least 1 year,Not reported,Classroom,Smartphone-based,360° images and computer-generated ,Not reported,Self-directed,6,1,6,Not reported,Multimedia,Vocabulary,Engagement,NA,NA,4.09,0.79,23,NA,NA,3.53,0.94,17,,,0,NA,NA
Wang et al. (2021),"Technological Solutions for Sustainable Development: Effects of a Visual Prompt Scaffolding-Based Virtual Reality Approach on EFL Learners’ Reading Comprehension, Learning Attitude, Motivation, and Anxiety",2021,Journal,Sustainability,Between-group,Mixed,Foreign language,China,19,Not reported,English,University,Not reported,Not reported,Not reported,Not reported,Not reported,Standalone,Computer-generated,Not reported,Teacher-centered,Not reported,Not reported,20,Teacher,Multimedia,Reading,Motivation,NA,NA,25.48,3.345,31,NA,NA,22.71,3.121,35,,,0,NA,NA
Wang et al. (2021),"Technological Solutions for Sustainable Development: Effects of a Visual Prompt Scaffolding-Based Virtual Reality Approach on EFL Learners’ Reading Comprehension, Learning Attitude, Motivation, and Anxiety",2021,Journal,Sustainability,Between-group,Mixed,Foreign language,China,19,Not reported,English,University,Not reported,Not reported,Not reported,Not reported,Not reported,Standalone,Computer-generated,Not reported,Teacher-centered,Not reported,Not reported,20,Teacher,Multimedia,Reading,Anxiety,NA,NA,98.45,17.767,31,NA,NA,99.34,10.195,35,,,0,NA,NA
Wang et al. (2022),An Integrated Automatic Writing Evaluation and SVVR Approach to Improve Students’ EFL Writing Performance,2022,Journal,Sustainability,Between-group,Mixed,Foreign language,Not reported,20,Not reported,English,University,Not reported,Not reported,Not reported,Not reported,Not reported,Not reported,360° videos and computer-generated ,Custom-made VR,Self-directed,Not reported,Not reported,Not reported,Teacher,Multimedia,Writing,Motivation,NA,NA,24.19,3.31,37,NA,NA,22.18,2.9,39,,,1,4,0.06
Wang et al. (2022),An Integrated Automatic Writing Evaluation and SVVR Approach to Improve Students’ EFL Writing Performance,2022,Journal,Sustainability,Between-group,Mixed,Foreign language,Not reported,20,Not reported,English,University,Not reported,Not reported,Not reported,Not reported,Not reported,Not reported,360° videos and computer-generated ,Custom-made VR,Self-directed,Not reported,Not reported,Not reported,Teacher,Multimedia,Writing,Self-efficacy,NA,NA,55.84,8.53,37,NA,NA,51.13,9.61,39,,,1,4,0.06
Wang et al. (2022),An Integrated Automatic Writing Evaluation and SVVR Approach to Improve Students’ EFL Writing Performance,2022,Journal,Sustainability,Between-group,Mixed,Foreign language,Not reported,20,Not reported,English,University,Not reported,Not reported,Not reported,Not reported,Not reported,Not reported,360° videos and computer-generated ,Custom-made VR,Self-directed,Not reported,Not reported,Not reported,Teacher,Multimedia,Writing,Anxiety,NA,NA,26.03,5.42,37,NA,NA,29.28,4.77,39,,,1,4,0.07
Wu & Hung ,"The Effects of Virtual Reality Infused Instruction on Elementary School Students’ English-Speaking Performance, Willingness to Communicate, and Learning Autonomy",2022,Journal,"Journal of Educational Computing
Research",Between-group,Mixed,Foreign language,Taiwan,Not reported/Range,Not reported,English,Elementary school,Beginner,Other,Not reported,Not reported,Classroom,Smartphone-based,Computer-generated,Custom-made VR,Teacher-centered,Not reported,10,Not reported,Researcher,Multimedia,Speaking,Willingness to communicate,3.22,0.52,3.42,0.37,28,2.79,0.34,3.01,0.37,28,,,0,NA,NA
Wu & Hung ,"The Effects of Virtual Reality Infused Instruction on Elementary School Students’ English-Speaking Performance, Willingness to Communicate, and Learning Autonomy",2022,Journal,"Journal of Educational Computing
Research",Between-group,Mixed,Foreign language,Taiwan,Not reported/Range,Not reported,English,Elementary school,Beginner,Other,Not reported,Not reported,Classroom,Smartphone-based,Computer-generated,Custom-made VR,Teacher-centered,Not reported,10,Not reported,Researcher,Multimedia,Speaking,Learning autonomy,3.71,0.53,3.13,0.28,28,3.36,0.33,3.24,0.43,28,,,0,NA,NA
Ye & Kaplan-Rakowski,"An exploratory study on practising listening
comprehension skills in high-immersion virtual reality",2024,Journal,British Journal of Educational Technology,Between-group,Quantitative,Foreign language,USA,17,Not reported,Chinese,High school,Not reported,Institutional level,At least 3 years,Random,Classroom,Standalone,Computer-generated,VR adapted for LL,Self-directed,17.5,1,17.5,Researcher,Multimedia,Listening,Sense of presence,NA,NA,5.39,1.02,23,NA,NA,3.65,1,20,,,1,3,0.39
Ye & Kaplan-Rakowski ,"An exploratory study on practising listening
comprehension skills in high-immersion virtual reality",2024,Journal,British Journal of Educational Technology,Between-group,Quantitative,Foreign language,USA,17,Not reported,Chinese,High school,Not reported,Institutional level,At least 3 years,Random,Classroom,Standalone,Computer-generated,VR adapted for LL,Self-directed,17.5,1,17.5,Researcher,Multimedia,Listening,Enjoyment,NA,NA,6.3,0.8,23,NA,NA,4.47,1.16,20,,,1,3,0.46
Zhao & Yang,Promoting international high-school students' Chinese language learning achievements and perceptions: A mind mapping-based spherical video-based virtual reality learning system in Chinese language courses,2023,Journal,Journal of Computer Assisted Learning,Between-group,Mixed,Foreign language,Thailand,18,Not reported,Chinese,High school,Not reported,Not reported,Not reported,Not reported,Classroom,Smartphone-based,360° videos and computer-generated ,VR adapted for LL,Self-directed,500,Not reported,Not reported,Teacher,Multimedia,Pronunciation,Self-efficacy,NA,NA,3.28,0.55,23,NA,NA,2.74,0.47,19,,,1,3,1
Zhao & Yang ,Promoting international high-school students' Chinese language learning achievements and perceptions: A mind mapping-based spherical video-based virtual reality learning system in Chinese language courses,2023,Journal,Journal of Computer Assisted Learning,Between-group,Mixed,Foreign language,Thailand,18,Not reported,Chinese,High school,Not reported,Not reported,Not reported,Not reported,Classroom,Smartphone-based,360° videos and computer-generated ,VR adapted for LL,Self-directed,500,Not reported,Not reported,Teacher,Multimedia,Pronunciation,Motivation,NA,NA,4.01,0.36,23,NA,NA,3.72,0.36,19,,,1,3,0.89
,,,,,,,,,,,,,,,,,,,,,,,,,,,,,,,,,,,,,,,,,,,
